name,datetime,temp,feelslike,dew,humidity,precip,precipprob,preciptype,snow,snowdepth,windgust,windspeed,winddir,sealevelpressure,cloudcover,visibility,solarradiation,solarenergy,uvindex,severerisk,conditions,icon,stations
"36,-115",2022-12-03T00:00:00,10,9.2,1.5,55.76,0,0,,0,0,4.3,7,154,1022.2,36.8,16,0,,0,10,Partially cloudy,partly-cloudy-night,"KHND,KLAS,KLSV"
"36,-115",2022-12-03T01:00:00,9.2,9.2,1,56.56,0,0,,0,0,5,5,210.6,1022.1,31.4,16,1,0,0,10,Partially cloudy,partly-cloudy-night,"KHND,KLAS,CMP12,KLSV"
"36,-115",2022-12-03T02:00:00,9.1,7.8,1.2,58,0,0,,0,0,3.2,8.6,86,1022.3,82.6,16,0,,0,10,Partially cloudy,partly-cloudy-night,"KHND,KLAS,KLSV"
"36,-115",2022-12-03T03:00:00,8.3,7.9,0.9,59.51,0,0,,0,0,3.6,5,275,1022.2,88,16,0,,0,10,Partially cloudy,partly-cloudy-night,"KHND,KLAS,KLSV"
"36,-115",2022-12-03T04:00:00,7.5,6.1,0.8,62.53,0,0,,0,0,2.5,7.7,185,1022.1,45.9,16,0,,0,10,Partially cloudy,partly-cloudy-night,"KHND,KLAS,KLSV"
"36,-115",2022-12-03T05:00:00,7.6,5.9,0.7,61.75,0,0,,0,0,4,9.1,205,1022.6,60.5,16,1,0,0,10,Partially cloudy,partly-cloudy-night,"KHND,KLAS,CMP12,KLSV"
"36,-115",2022-12-03T06:00:00,7.5,6.4,0.7,62.35,0,0,,0,0,2.9,6.8,106,1022.8,24.2,16,1,0,0,10,Partially cloudy,partly-cloudy-night,"KHND,KLAS,CMP12,KLSV"
"36,-115",2022-12-03T07:00:00,7.8,6.7,0.7,60.88,0,0,,0,0,4.3,7,188,1023.4,27.8,16,16,0.1,0,10,Partially cloudy,partly-cloudy-day,"KHND,KLAS,CMP10,KLSV"
"36,-115",2022-12-03T08:00:00,8.7,8.7,1,58.53,0,0,,0,0,7.6,4.7,100,1023.6,24.2,16,73,0.3,1,10,Partially cloudy,partly-cloudy-day,"KHND,KLAS,CMP10,KLSV"
"36,-115",2022-12-03T09:00:00,11.5,11.5,1.1,49.12,0,0,,0,0,5.8,5.7,264,1023.7,27.8,16,253,0.9,3,10,Partially cloudy,partly-cloudy-day,"KHND,KLAS,CMP10,KLSV"
"36,-115",2022-12-03T10:00:00,13.3,13.3,1,43.06,0,0,,0,0,6.5,1.6,14,1023.4,24.2,16,415,1.5,4,10,Partially cloudy,partly-cloudy-day,"KHND,KLAS,CMP10,KLSV"
"36,-115",2022-12-03T11:00:00,14.5,14.5,1,39.68,0,0,,0,0,5.4,7.3,22,1022.7,27.8,16,533,1.9,5,10,Partially cloudy,partly-cloudy-day,"KHND,KLAS,CMP10,KLSV"
"36,-115",2022-12-03T12:00:00,15.7,15.7,1.4,37.98,0,0,,0,0,13,7.1,50,1021.3,13.8,16,577,2.1,6,10,Clear,clear-day,"KHND,KLAS,CMP10,KLSV"
"36,-115",2022-12-03T13:00:00,16.5,16.5,1.3,35.79,0,0,,0,0,13.3,4,134.1,1020.8,13.8,16,528,1.9,5,10,Clear,clear-day,"KHND,KLAS,CMP10,KLSV"
"36,-115",2022-12-03T14:00:00,17.4,17.4,2.3,36.32,0,0,,0,0,20.2,10.4,144.3,1018,100,50,368,1.3,4,10,Overcast,cloudy,
"36,-115",2022-12-03T15:00:00,17.7,17.7,1.5,33.66,0,0,,0,0,20.2,9.4,139.7,1017,19,55.1,206,0.7,2,10,Clear,clear-day,
"36,-115",2022-12-03T16:00:00,16.2,16.2,1.5,37.02,0,0,,0,0,20.2,10.1,131,1017,0,54.4,37,0.1,0,10,Clear,clear-day,
"36,-115",2022-12-03T17:00:00,13.8,13.8,3.1,48.42,0,0,,0,0,25.9,15.1,155.9,1017,0,42.5,0,0,0,10,Clear,clear-night,
"36,-115",2022-12-03T18:00:00,13.2,13.2,3.1,50.35,0,0,,0,0,20.2,16.2,172.5,1018,0,40.4,0,,0,10,Clear,clear-night,
"36,-115",2022-12-03T19:00:00,13,13,3.6,52.84,0,0,,0,0,28.4,20.5,202.8,1018,0,38.2,0,,0,10,Clear,clear-night,
"36,-115",2022-12-03T20:00:00,12.8,12.8,3.5,53.16,0,0,,0,0,28.8,21.6,199.2,1018,0,38,0,,0,10,Clear,clear-night,
"36,-115",2022-12-03T21:00:00,12.1,12.1,3.5,55.66,0,0,,0,0,22,16.6,197.7,1019,17,36.1,0,,0,10,Clear,clear-night,
"36,-115",2022-12-03T22:00:00,10.7,10.7,3.4,60.64,0,0,,0,0,14.8,11.2,184.3,1018,4,32.4,0,,0,10,Clear,clear-night,
"36,-115",2022-12-03T23:00:00,9.8,8.1,3.2,63.49,0,0,,0,0,15.5,11.5,171.3,1018,0,30.7,0,,0,10,Clear,clear-night,
"36,-115",2022-12-04T00:00:00,9.3,7.4,3.9,68.98,0,0,,0,0,16.6,12.2,162.8,1018,0,27,0,,0,10,Clear,clear-night,
"36,-115",2022-12-04T01:00:00,8.4,7,4.6,76.99,0,0,,0,0,11.2,8.3,159.4,1018,0,24.3,0,,0,10,Clear,clear-night,
"36,-115",2022-12-04T02:00:00,7.4,7.4,4.8,83.57,0,0,,0,0,3.6,2.9,195.5,1018,0,22.1,0,,0,10,Clear,clear-night,
"36,-115",2022-12-04T03:00:00,6.8,5.9,4.6,85.87,0,0,,0,0,5.4,5.4,173.6,1018,0,20.7,0,,0,10,Clear,clear-night,
"36,-115",2022-12-04T04:00:00,6.7,5.6,4.5,85.86,0,0,,0,0,7.2,6.1,180.1,1018,0,19.9,0,,0,10,Clear,clear-night,
"36,-115",2022-12-04T05:00:00,5.7,5.7,3.9,88.2,0,0,,0,0,1.4,1.1,282.4,1018,0,18.4,0,,0,10,Clear,clear-night,
"36,-115",2022-12-04T06:00:00,5.2,5.2,2.7,83.89,0,0,,0,0,2.2,1.8,79.6,1018,1,22.3,0,,0,10,Clear,clear-night,
"36,-115",2022-12-04T07:00:00,5.2,5.2,3.1,86.31,0,0,,0,0,2.5,1.8,91.8,1017,1,19.6,30,0.1,0,10,Clear,clear-day,
"36,-115",2022-12-04T08:00:00,8.6,8.6,6.1,84.29,0,0,,0,0,11.9,4.3,155.5,1017,0,17.5,205,0.7,2,10,Clear,clear-day,
"36,-115",2022-12-04T09:00:00,13.7,13.7,7.8,67.53,0,0,,0,0,29.5,13.3,178.3,1017,100,22.6,333,1.2,3,10,Overcast,cloudy,
"36,-115",2022-12-04T10:00:00,15.6,15.6,6.4,54.28,0,0,,0,0,27.4,18.7,184.1,1017,100,31.2,410,1.5,4,10,Overcast,cloudy,
"36,-115",2022-12-04T11:00:00,17.2,17.2,5.5,46.06,0,0,,0,0,25.9,19.1,181,1016,100,38.5,428,1.5,4,10,Overcast,cloudy,
"36,-115",2022-12-04T12:00:00,19.1,19.1,4.3,37.6,0,0,,0,0,29.2,15.5,185.8,1015,100,47.9,504,1.8,5,10,Overcast,cloudy,
"36,-115",2022-12-04T13:00:00,20.3,20.3,2,29.66,0,0,,0,0,33.1,20.9,232.8,1014,50,59.7,383,1.4,4,10,Partially cloudy,partly-cloudy-day,
"36,-115",2022-12-04T14:00:00,19.9,19.9,3.5,33.82,0,0,,0,0,40.3,25.2,237.1,1014,100,53.9,293,1.1,3,10,Overcast,cloudy,
"36,-115",2022-12-04T15:00:00,18.8,18.8,4.7,39.4,0,0,,0,0,45.7,25.6,229.4,1013,0,47.5,209,0.8,2,10,Clear,clear-day,
"36,-115",2022-12-04T16:00:00,16.9,16.9,5.5,46.95,0,0,,0,0,49.7,24.5,227.4,1012,0,41.8,38,0.1,0,10,Clear,clear-day,
"36,-115",2022-12-04T17:00:00,15.4,15.4,5.3,50.95,0,0,,0,0,34.9,21.6,215.6,1012,0,39.4,0,0,0,10,Clear,clear-night,
"36,-115",2022-12-04T18:00:00,14.8,14.8,5.1,52.22,0,0,,0,0,35.6,22,228.7,1012,31,38.9,0,,0,10,Partially cloudy,partly-cloudy-night,
"36,-115",2022-12-04T19:00:00,14.2,14.2,4.8,53.16,0,0,,0,0,26.3,15.5,230,1012,100,38.2,0,,0,10,Overcast,cloudy,
"36,-115",2022-12-04T20:00:00,13.8,13.8,5.1,55.71,0,0,,0,0,31.7,17.6,234.3,1012,100,36,0,,0,10,Overcast,cloudy,
"36,-115",2022-12-04T21:00:00,13.2,13.2,6,61.66,0,0,,0,0,42.5,19.1,233.3,1012,100,30.6,0,,0,10,Overcast,cloudy,
"36,-115",2022-12-04T22:00:00,12.3,12.3,5.9,64.96,0,0,,0,0,32.8,19.1,211.5,1012,100,28.6,0,,0,10,Overcast,cloudy,
"36,-115",2022-12-04T23:00:00,11.8,11.8,5.4,64.84,0,0,,0,0,32,15.5,212.6,1011,100,28.8,0,,0,10,Overcast,cloudy,
"36,-115",2022-12-05T00:00:00,11.5,11.5,4.8,63.44,0,0,,0,0,38.2,22.7,216.2,1011,100,30.1,0,,0,10,Overcast,cloudy,
"36,-115",2022-12-05T01:00:00,11.2,11.2,4.2,62.05,0,0,,0,0,38.9,25.2,216.4,1010,100,30.4,0,,0,10,Overcast,cloudy,
"36,-115",2022-12-05T02:00:00,10.6,10.6,3.2,60.19,0,0,,0,0,32.4,18.4,200.2,1010,100,32.2,0,,0,10,Overcast,cloudy,
"36,-115",2022-12-05T03:00:00,10.2,10.2,1.4,54.38,0,0,,0,0,37.1,24.1,199.8,1010,100,37.2,0,,0,10,Overcast,cloudy,
"36,-115",2022-12-05T04:00:00,10.1,10.1,-1.1,45.67,0,0,,0,0,44.3,20.5,187.5,1010,100,45,0,,0,10,Overcast,cloudy,
"36,-115",2022-12-05T05:00:00,9.9,6.9,-2.3,42.38,0,0,,0,0,47.9,23.4,202,1010,100,47.7,0,,0,10,Overcast,cloudy,
"36,-115",2022-12-05T06:00:00,9.6,6.5,-2.2,43.56,0,0,,0,0,43.2,23,216.3,1011,100,47,0,,0,10,Overcast,cloudy,
"36,-115",2022-12-05T07:00:00,9.6,6.8,-2.3,43.24,0,0,,0,0,39.6,20.2,211.8,1012,100,47.4,24,0.1,0,10,Overcast,cloudy,
"36,-115",2022-12-05T08:00:00,11.2,11.2,-2.5,38.29,0,0,,0,0,45.4,22.3,222.5,1012,100,49.8,149,0.5,1,10,Overcast,cloudy,
"36,-115",2022-12-05T09:00:00,12.4,12.4,-2.1,36.44,0,0,,0,0,34.6,25.2,255.1,1013,100,50.6,301,1.1,3,10,Overcast,cloudy,
"36,-115",2022-12-05T10:00:00,11.1,11.1,3.5,59.46,0,0,,0,0,10.4,6.5,246.9,1014,100,24.1,433,1.6,4,10,Overcast,cloudy,
"36,-115",2022-12-05T11:00:00,12.7,12.7,3,51.65,0,0,,0,0,14,4,252.7,1013,100,24.1,534,1.9,5,10,Overcast,cloudy,
"36,-115",2022-12-05T12:00:00,13.6,13.6,2.4,46.68,0,0,,0,0,13.3,1.8,217.5,1012,100,24.1,534,1.9,5,10,Overcast,cloudy,
"36,-115",2022-12-05T13:00:00,13.9,13.9,2.2,45.13,0,0,,0,0,7.9,2.2,59.3,1012,100,24.1,470,1.7,5,10,Overcast,cloudy,
"36,-115",2022-12-05T14:00:00,13.6,13.6,2.8,48.02,0,0,,0,0,5.4,5.8,38.6,1012,100,24.1,349,1.3,3,10,Overcast,cloudy,
"36,-115",2022-12-05T15:00:00,12.9,12.9,3.2,51.71,0,0,,0,0,5,5.8,51,1012,100,24.1,187,0.7,2,10,Overcast,cloudy,
"36,-115",2022-12-05T16:00:00,11.4,11.4,3.2,57.07,0,0,,0,0,7.2,4.3,57.1,1012,100,24.1,27,0.1,0,10,Overcast,cloudy,
"36,-115",2022-12-05T17:00:00,12.7,12.7,0.4,42.89,0,0,,0,0,44.3,30.6,221.5,1009,100,24.1,5,0,0,10,Overcast,cloudy,
"36,-115",2022-12-05T18:00:00,12.2,12.2,0.3,44,0,0,,0,0,43.6,29.2,219.4,1010,80.1,24.1,0,,0,10,Partially cloudy,partly-cloudy-night,
"36,-115",2022-12-05T19:00:00,11.7,11.7,0.5,46.13,0,0,,0,0,36.4,23,220.9,1010,99.2,24.1,0,,0,10,Overcast,cloudy,
"36,-115",2022-12-05T20:00:00,11.2,11.2,0.7,48.38,0,0,,0,0,28.4,17.6,223.7,1011,100,24.1,0,,0,10,Overcast,cloudy,
"36,-115",2022-12-05T21:00:00,10.6,10.6,0.8,50.71,0,0,,0,0,20.5,15.1,214,1011,100,24.1,0,,0,10,Overcast,cloudy,
"36,-115",2022-12-05T22:00:00,10.3,10.3,0.7,51.36,0,0,,0,0,18.7,14.8,211.9,1011,75.3,24.1,0,,0,10,Partially cloudy,partly-cloudy-night,
"36,-115",2022-12-05T23:00:00,9.5,7.3,0.7,54.19,0,0,,0,0,17.6,14.4,219.1,1011,88,24.1,0,,0,10,Partially cloudy,partly-cloudy-night,
"36,-115",2022-12-06T00:00:00,8.8,6.7,0.6,56.4,0,0,,0,0,14.8,13,220.7,1011,45.8,24.1,0,,0,10,Partially cloudy,partly-cloudy-night,
"36,-115",2022-12-06T01:00:00,8.2,6.2,0.3,57.48,0,0,,0,0,12.2,11.2,218,1011,99.7,24.1,0,,0,10,Overcast,cloudy,
"36,-115",2022-12-06T02:00:00,7.9,6.2,-0.1,56.99,0,0,,0,0,10.1,9.4,215.9,1012,100,24.1,0,,0,10,Overcast,cloudy,
"36,-115",2022-12-06T03:00:00,7.5,6,-0.4,57.3,0,0,,0,0,8.6,8.3,218.2,1012,76.6,24.1,0,,0,10,Partially cloudy,partly-cloudy-night,
"36,-115",2022-12-06T04:00:00,7,5.5,-0.6,58.43,0,0,,0,0,8.3,7.9,222,1012,100,24.1,0,,0,10,Overcast,cloudy,
"36,-115",2022-12-06T05:00:00,7,5.4,-0.5,58.86,0,0,,0,0,8.6,8.3,217,1012,100,24.1,0,,0,10,Overcast,cloudy,
"36,-115",2022-12-06T06:00:00,6.7,5.2,-0.5,60.09,0,0,,0,0,7.6,7.6,221.1,1013,100,24.1,0,,0,10,Overcast,cloudy,
"36,-115",2022-12-06T07:00:00,7,5.7,-0.4,59.29,0,0,,0,0,6.8,6.8,220.6,1013,87.4,24.1,4,0,0,10,Partially cloudy,partly-cloudy-day,
"36,-115",2022-12-06T08:00:00,8.5,7.8,-0.4,53.53,0,0,,0,0,6.5,5.8,216.5,1013,100,24.1,79,0.3,1,10,Overcast,cloudy,
"36,-115",2022-12-06T09:00:00,9.7,9.7,-0.4,49.37,0,0,,0,0,5.4,4.7,211.1,1014,99.5,24.1,195,0.7,2,10,Overcast,cloudy,
"36,-115",2022-12-06T10:00:00,10.8,10.8,-0.6,45.21,0,0,,0,0,3.6,3.2,208.9,1013,72.6,24.1,319,1.1,3,10,Partially cloudy,partly-cloudy-day,
"36,-115",2022-12-06T11:00:00,11.8,11.8,-0.6,42.31,0,23.8,,0,0,4,2.5,211,1013,28.4,24.1,460,1.7,5,10,Partially cloudy,partly-cloudy-day,
"36,-115",2022-12-06T12:00:00,12.5,12.5,-0.7,40.11,0,23.8,,0,0,5.4,2.9,213.2,1012,97.6,24.1,517,1.9,5,10,Overcast,cloudy,
"36,-115",2022-12-06T13:00:00,13,13,-0.6,39.11,0,23.8,,0,0,8.6,4.7,229.9,1011,97.6,24.1,427,1.5,4,10,Overcast,cloudy,
"36,-115",2022-12-06T14:00:00,13.4,13.4,-0.6,38.1,0,23.8,,0,0,10.4,7.2,228.8,1010,62.4,24.1,327,1.2,3,10,Partially cloudy,partly-cloudy-day,
"36,-115",2022-12-06T15:00:00,13.4,13.4,-0.7,37.82,0,23.8,,0,0,11.9,10.4,219.2,1010,5.2,24.1,244,0.9,2,10,Clear,clear-day,
"36,-115",2022-12-06T16:00:00,12.5,12.5,-0.9,39.53,0,23.8,,0,0,21.2,18,228.4,1010,9.8,24.1,111,0.4,1,10,Clear,clear-day,
"36,-115",2022-12-06T17:00:00,10.9,10.9,-1.9,40.83,0,4.8,,0,0,29.9,18.4,233.2,1011,44.5,24.1,5,0,0,10,Partially cloudy,partly-cloudy-night,
"36,-115",2022-12-06T18:00:00,10.6,10.6,-2,41.35,0,4.8,,0,0,21.2,15.5,227.6,1011,100,24.1,0,,0,10,Overcast,cloudy,
"36,-115",2022-12-06T19:00:00,10.8,10.8,-2.1,40.5,0,4.8,,0,0,19.8,15.5,219.7,1011,100,24.1,0,,0,10,Overcast,cloudy,
"36,-115",2022-12-06T20:00:00,10.3,10.3,-2.1,41.87,0,4.8,,0,0,19.1,15.1,209.1,1012,100,24.1,0,,0,10,Overcast,cloudy,
"36,-115",2022-12-06T21:00:00,10.1,10.1,-2.1,42.44,0,4.8,,0,0,18.7,14,197.2,1012,100,24.1,0,,0,10,Overcast,cloudy,
"36,-115",2022-12-06T22:00:00,9.9,8.1,-2.1,43.01,0,4.8,,0,0,16.2,12.6,200.1,1012,100,24.1,0,,0,10,Overcast,cloudy,
"36,-115",2022-12-06T23:00:00,9.4,7.3,-2.1,44.48,0,0,,0,0,17.3,14,204.2,1013,100,24.1,0,,0,10,Overcast,cloudy,
"36,-115",2022-12-07T00:00:00,9.1,6.9,-2.1,45.38,0,0,,0,0,17.6,13.7,216.6,1013,100,24.1,0,,0,10,Overcast,cloudy,
"36,-115",2022-12-07T01:00:00,9,7,-1.9,46.37,0,0,,0,0,16.9,12.6,231,1013,100,24.1,0,,0,10,Overcast,cloudy,
"36,-115",2022-12-07T02:00:00,8.7,6.9,-1.7,48.02,0,0,,0,0,11.9,10.8,231.6,1013,100,24.1,0,,0,10,Overcast,cloudy,
"36,-115",2022-12-07T03:00:00,7.9,6.1,-1.5,51.45,0,0,,0,0,10.1,10.1,231.6,1014,100,24.1,0,,0,10,Overcast,cloudy,
"36,-115",2022-12-07T04:00:00,7.2,5.5,-1.2,55.17,0,0,,0,0,8.6,8.6,228.2,1014,98.7,24.1,0,,0,10,Overcast,cloudy,
"36,-115",2022-12-07T05:00:00,6.9,5.3,-1,57.14,0,4.8,,0,0,7.6,7.9,211.4,1015,100,24.1,0,,0,10,Overcast,cloudy,
"36,-115",2022-12-07T06:00:00,7,5.5,-0.9,57.17,0,4.8,,0,0,7.6,7.6,201,1016,98.4,24.1,0,,0,10,Overcast,cloudy,
"36,-115",2022-12-07T07:00:00,7,5.5,-0.6,58.43,0,4.8,,0,0,7.9,7.9,206.2,1016,84.8,24.1,3,0,0,10,Partially cloudy,partly-cloudy-day,
"36,-115",2022-12-07T08:00:00,8.1,7.1,-0.5,54.61,0,4.8,,0,0,7.9,6.5,208.2,1017,100,24.1,83,0.3,1,10,Overcast,cloudy,
"36,-115",2022-12-07T09:00:00,9.3,8.7,-0.6,49.98,0,4.8,,0,0,6.8,5.8,211.6,1018,100,24.1,204,0.7,2,10,Overcast,cloudy,
"36,-115",2022-12-07T10:00:00,10.2,10.2,-0.7,46.71,0,4.8,,0,0,6.5,4.3,227.9,1018,91.3,24.1,301,1.1,3,10,Overcast,cloudy,
"36,-115",2022-12-07T11:00:00,11,11,-0.7,44.29,0,19,,0,0,7.6,5,251.7,1018,83.4,24.1,389,1.4,4,10,Partially cloudy,partly-cloudy-day,
"36,-115",2022-12-07T12:00:00,11.5,11.5,-0.8,42.54,0.1,19,rain,0,0,9,6.8,265.9,1017,41,24.1,440,1.6,4,10,Partially cloudy,partly-cloudy-day,
"36,-115",2022-12-07T13:00:00,12,12,-1.1,40.26,0,19,,0,0,9.7,8.3,249.2,1017,43.4,24.1,481,1.7,5,10,Partially cloudy,partly-cloudy-day,
"36,-115",2022-12-07T14:00:00,12.2,12.2,-1.4,38.87,0,19,,0,0,9.4,10.4,251.7,1017,71.5,24.1,408,1.5,4,10,Partially cloudy,partly-cloudy-day,
"36,-115",2022-12-07T15:00:00,12.1,12.1,-1.4,39.13,0,19,,0,0,8.6,9,282.2,1018,40.9,24.1,264,1,3,10,Partially cloudy,partly-cloudy-day,
"36,-115",2022-12-07T16:00:00,11.6,11.6,-1.1,41.34,0,19,,0,0,11.9,10.8,315.7,1018,34.4,24.1,105,0.4,1,10,Partially cloudy,partly-cloudy-day,
"36,-115",2022-12-07T17:00:00,10.2,10.2,-0.9,46.04,0,0,,0,0,9.7,9,310,1019,7.1,24.1,5,0,0,10,Clear,clear-night,
"36,-115",2022-12-07T18:00:00,9.4,8.5,-0.9,48.57,0,0,,0,0,8.3,6.8,289.2,1020,5,24.1,0,,0,10,Clear,clear-night,
"36,-115",2022-12-07T19:00:00,8.6,7.9,-0.8,51.64,0,0,,0,0,6.5,5.8,265.8,1021,5,24.1,0,,0,10,Clear,clear-night,
"36,-115",2022-12-07T20:00:00,7.9,7.9,-0.6,54.95,0,0,,0,0,5.4,4.7,267.9,1022,0.1,24.1,0,,0,10,Clear,clear-night,
"36,-115",2022-12-07T21:00:00,7.4,7.4,-0.4,57.69,0,0,,0,0,4.7,4.3,269.2,1023,0,24.1,0,,0,10,Clear,clear-night,
"36,-115",2022-12-07T22:00:00,6.9,6.9,-0.2,60.58,0,0,,0,0,3.6,3.6,275.3,1023,0,24.1,0,,0,10,Clear,clear-night,
"36,-115",2022-12-07T23:00:00,6.5,6.5,-0.1,62.72,0,0,,0,0,2.9,2.9,273.7,1024,0,24.1,0,,0,10,Clear,clear-night,
"36,-115",2022-12-08T00:00:00,6.1,6.1,0.3,66.37,0,0,,0,0,2.2,1.8,296.8,1024,0,24.1,0,,0,10,Clear,clear-night,
"36,-115",2022-12-08T01:00:00,5.7,5.7,0.4,68.72,0,0,,0,0,1.4,1.1,308.8,1024,0,24.1,0,,0,10,Clear,clear-night,
"36,-115",2022-12-08T02:00:00,5.3,5.3,0.5,71.17,0,0,,0,0,2.2,2.2,354.3,1024,0,24.1,0,,0,10,Clear,clear-night,
"36,-115",2022-12-08T03:00:00,5,5,0.9,74.8,0,0,,0,0,2.5,2.5,343.3,1024,0,24.1,0,,0,10,Clear,clear-night,
"36,-115",2022-12-08T04:00:00,4.6,4.6,0.8,76.36,0,0,,0,0,2.5,2.5,344,1024,0,24.1,0,,0,10,Clear,clear-night,
"36,-115",2022-12-08T05:00:00,4.4,4.4,0.9,77.45,0,0,,0,0,2.9,2.9,348.5,1024.3,15.7,24.1,0.3,0,0,10,Clear,clear-night,
"36,-115",2022-12-08T06:00:00,4.4,4.4,0.9,78.56,0,0,,0,0,3.2,3.2,353.1,1024.7,31.4,24.1,0.7,0,0,10,Partially cloudy,partly-cloudy-night,
"36,-115",2022-12-08T07:00:00,4.3,4.3,1.1,79.68,0,0,,0,0,3.6,3.6,357.6,1025,47.1,24.1,1,0,0,10,Partially cloudy,partly-cloudy-day,
"36,-115",2022-12-08T08:00:00,5.7,5.7,1.2,72.81,0,0,,0,0,3.4,3.6,249.2,1025.3,31.8,24.1,80.7,0.3,1,10,Partially cloudy,partly-cloudy-day,
"36,-115",2022-12-08T09:00:00,7.1,7.1,1.3,66.6,0,0,,0,0,3.1,3.6,140.9,1025.7,16.6,24.1,160.3,0.6,2,10,Clear,clear-day,
"36,-115",2022-12-08T10:00:00,8.6,8.6,1.5,60.99,0,0,,0,0,2.9,3.6,32.5,1026,1.3,24.1,240,0.9,2,10,Clear,clear-day,
"36,-115",2022-12-08T11:00:00,9.3,9.3,1,55.87,0,0,,0,0,3.8,3.5,45,1024.7,2.1,24.1,331.7,1.2,3,10,Clear,clear-day,
"36,-115",2022-12-08T12:00:00,10.1,10.1,0.5,51.19,0,0,,0,0,4.8,3.4,57.4,1023.3,2.9,24.1,423.3,1.6,4,10,Clear,clear-day,
"36,-115",2022-12-08T13:00:00,10.9,10.9,0,46.92,0,0,,0,0,5.8,3.2,69.9,1022,3.7,24.1,515,1.9,5,10,Clear,clear-day,
"36,-115",2022-12-08T14:00:00,10.8,10.8,-0.3,46.21,0,0,,0,0,5.2,3.5,67.2,1021,4,24.1,433.7,1.6,4,10,Clear,clear-day,
"36,-115",2022-12-08T15:00:00,10.7,10.7,-0.6,45.51,0,0,,0,0,4.6,3.7,64.6,1020,4.3,24.1,352.3,1.3,4,10,Clear,clear-day,
"36,-115",2022-12-08T16:00:00,10.6,10.6,-0.9,44.82,0,0,,0,0,4,4,61.9,1019,4.6,24.1,271,1,3,10,Clear,clear-day,
"36,-115",2022-12-08T17:00:00,9.7,9.7,-1.1,47.14,0,0,,0,0,4,3.7,74.4,1018.7,3.1,24.1,181.3,0.7,0,10,Clear,clear-night,
"36,-115",2022-12-08T18:00:00,8.8,8.8,-1.2,49.6,0,0,,0,0,4,3.5,86.8,1018.3,1.5,24.1,91.7,0.3,0,10,Clear,clear-night,
"36,-115",2022-12-08T19:00:00,7.9,7.9,-1.3,52.21,0,0,,0,0,4,3.2,99.3,1018,0,24.1,2,0,0,10,Clear,clear-night,
"36,-115",2022-12-08T20:00:00,7.5,7.5,-1.4,53.26,0,0,,0,0,4.3,3.7,122.2,1017.7,0,24.1,1.3,0,0,10,Clear,clear-night,
"36,-115",2022-12-08T21:00:00,7.1,7.1,-1.5,54.34,0,0,,0,0,4.7,4.2,145.2,1017.3,0,24.1,0.7,0,0,10,Clear,clear-night,
"36,-115",2022-12-08T22:00:00,6.7,6.7,-1.6,55.44,0,0,,0,0,5,4.7,168.1,1017,0,24.1,0,,0,10,Clear,clear-night,
"36,-115",2022-12-08T23:00:00,6.4,5.3,-2.1,54.43,0,0,,0,0,6.5,6.2,168.8,1016.7,3.7,24.1,0,,0,10,Clear,clear-night,
"36,-115",2022-12-09T00:00:00,6.2,4.6,-2.6,53.44,0,0,,0,0,7.9,7.8,169.6,1016.3,7.5,24.1,0,,0,10,Clear,clear-night,
"36,-115",2022-12-09T01:00:00,6,3.9,-3,52.46,0,0,,0,0,9.4,9.4,170.3,1016,11.2,24.1,0,,0,10,Clear,clear-night,
"36,-115",2022-12-09T02:00:00,5.6,3.5,-3.3,52.5,0,0,,0,0,9.6,9.4,168.4,1015.7,8.8,24.1,0,,0,10,Clear,clear-night,
"36,-115",2022-12-09T03:00:00,5.3,3.2,-3.6,52.53,0,0,,0,0,9.8,9.4,166.5,1015.3,6.3,24.1,0,,0,10,Clear,clear-night,
"36,-115",2022-12-09T04:00:00,5,2.8,-3.9,52.57,0,0,,0,0,10.1,9.4,164.6,1015,3.9,24.1,0,,0,10,Clear,clear-night,
"36,-115",2022-12-09T05:00:00,4.9,2.6,-4.1,52.16,0,9.5,,0,0,10.6,9.8,163.9,1015,25.7,24.1,0.3,0,0,10,Partially cloudy,partly-cloudy-night,
"36,-115",2022-12-09T06:00:00,4.8,2.4,-4.3,51.75,0,9.5,,0,0,11,10.3,163.3,1015,47.4,24.1,0.7,0,0,10,Partially cloudy,partly-cloudy-night,
"36,-115",2022-12-09T07:00:00,4.8,2.2,-4.4,51.35,0,9.5,,0,0,11.5,10.8,162.6,1015,69.2,24.1,1,0,0,10,Partially cloudy,partly-cloudy-day,
"36,-115",2022-12-09T08:00:00,6.7,3.4,-4.3,45.25,0,9.5,,0,0,20.4,18,164.5,1014,79.5,24.1,51,0.2,1,10,Partially cloudy,partly-cloudy-day,
"36,-115",2022-12-09T09:00:00,8.6,5.2,-4.2,39.96,0,9.5,,0,0,29.3,25.2,166.4,1013,89.7,24.1,101,0.3,1,10,Partially cloudy,partly-cloudy-day,
"36,-115",2022-12-09T10:00:00,10.6,10.6,-4.1,35.37,0,9.5,,0,0,38.2,32.4,168.3,1012,100,24.1,151,0.5,2,10,Overcast,cloudy,
"36,-115",2022-12-09T11:00:00,11.7,11.7,-4,33.06,0,19,,0,0,44.4,34.8,186,1010.7,100,24.1,246.3,0.9,2,10,Overcast,cloudy,
"36,-115",2022-12-09T12:00:00,12.9,12.9,-3.9,30.93,0,19,,0,0,50.6,37.2,203.8,1009.3,100,24.1,341.7,1.2,3,10,Overcast,cloudy,
"36,-115",2022-12-09T13:00:00,14.1,14.1,-3.7,28.96,0,19,,0,0,56.9,39.6,221.5,1008,100,24.1,437,1.6,4,10,Overcast,cloudy,
"36,-115",2022-12-09T14:00:00,12.1,12.1,-1.9,37.63,0,19,,0,0,56.4,37.7,216.9,1008.7,76.3,24.1,347.3,1.3,3,10,Partially cloudy,partly-cloudy-day,
"36,-115",2022-12-09T15:00:00,10.1,10.1,-0.1,48.91,0,19,,0,0,55.9,35.8,212.3,1009.3,52.6,24.1,257.7,0.9,3,10,Partially cloudy,partly-cloudy-day,
"36,-115",2022-12-09T16:00:00,8.2,3.9,1.7,63.57,0.1,19,rain,0,0,55.4,33.8,207.7,1010,28.9,24.1,168,0.6,2,10,Partially cloudy,partly-cloudy-day,
"36,-115",2022-12-09T17:00:00,8,3.7,0.7,59.98,0,4.8,,0,0,53.9,33.2,214.5,1010.3,19.3,24.1,112.3,0.4,0,10,Clear,clear-night,
"36,-115",2022-12-09T18:00:00,7.8,3.5,-0.3,56.57,0,4.8,,0,0,52.3,32.6,221.4,1010.7,9.6,24.1,56.7,0.2,0,10,Clear,clear-night,
"36,-115",2022-12-09T19:00:00,7.7,3.4,-1.2,53.31,0,4.8,,0,0,50.8,32,228.2,1011,0,24.1,1,0,0,10,Clear,clear-night,
"36,-115",2022-12-09T20:00:00,7.1,2.9,-1.7,53.3,0,4.8,,0,0,46.8,29,228,1011.7,0,24.1,0.7,0,0,10,Clear,clear-night,
"36,-115",2022-12-09T21:00:00,6.6,2.5,-2.2,53.28,0,4.8,,0,0,42.8,26,227.8,1012.3,0,24.1,0.3,0,0,10,Clear,clear-night,
"36,-115",2022-12-09T22:00:00,6.1,2.1,-2.7,53.27,0,4.8,,0,0,38.9,23,227.6,1013,0,24.1,0,,0,10,Clear,clear-night,
"36,-115",2022-12-09T23:00:00,5.6,1.8,-3.2,52.89,0,0,,0,0,33.4,20.5,230,1013.3,1.4,24.1,0,,0,10,Clear,clear-night,
"36,-115",2022-12-10T00:00:00,5.2,1.6,-3.7,52.51,0,0,,0,0,27.8,18,232.3,1013.7,2.9,24.1,0,,0,10,Clear,clear-night,
"36,-115",2022-12-10T01:00:00,4.8,1.4,-4.2,52.12,0,0,,0,0,22.3,15.5,234.7,1014,4.3,24.1,0,,0,10,Clear,clear-night,
"36,-115",2022-12-10T02:00:00,4.4,1.3,-4.1,53.75,0,0,,0,0,19.1,13.3,258.2,1015.3,12.6,24.1,0,,0,10,Clear,clear-night,
"36,-115",2022-12-10T03:00:00,4.1,1.3,-4.1,55.44,0,0,,0,0,15.8,11.2,281.8,1016.7,20.8,24.1,0,,0,10,Partially cloudy,partly-cloudy-night,
"36,-115",2022-12-10T04:00:00,3.8,1.4,-3.9,57.18,0.1,0,rain,0,0,12.6,9,305.3,1018,29.1,24.1,0,,0,10,Partially cloudy,partly-cloudy-night,
"36,-115",2022-12-10T05:00:00,3.7,1.4,-4.1,56.72,0,0,,0,0,11,8.5,289.5,1019.3,19.4,24.1,0.3,0,0,10,Clear,clear-night,
"36,-115",2022-12-10T06:00:00,3.6,1.4,-4.3,56.27,0,0,,0,0,9.5,8,273.7,1020.7,9.7,24.1,0.7,0,0,10,Clear,clear-night,
"36,-115",2022-12-10T07:00:00,3.5,1.5,-4.5,55.83,0,0,,0,0,7.9,7.6,257.9,1022,0,24.1,1,0,0,10,Clear,clear-day,
"36,-115",2022-12-10T08:00:00,5.2,1.9,-7.1,40.67,0,0,,0,0,18.6,15.5,273.8,1022.7,0,24.1,89.7,0.3,1,10,Clear,clear-day,
"36,-115",2022-12-10T09:00:00,6.9,3.1,-9.7,29.55,0,0,,0,0,29.3,23.4,289.8,1023.3,0,24.1,178.3,0.7,2,10,Clear,clear-day,
"36,-115",2022-12-10T10:00:00,8.7,4.7,-12.2,21.41,0,0,,0,0,40,31.3,305.7,1024,0,24.1,267,1,3,10,Clear,clear-day,
"36,-115",2022-12-10T11:00:00,9.1,5.6,-13.2,19.28,0,0,,0,0,31.7,26.4,310.8,1023.7,0,24.1,355.3,1.3,4,10,Clear,clear-day,
"36,-115",2022-12-10T12:00:00,9.5,6.6,-14.2,17.34,0,0,,0,0,23.4,21.5,315.9,1023.3,0,24.1,443.7,1.7,4,10,Clear,clear-day,
"36,-115",2022-12-10T13:00:00,9.9,7.6,-15.1,15.6,0,0,,0,0,15.1,16.6,321,1023,0,24.1,532,1.9,5,10,Clear,clear-day,
"36,-115",2022-12-10T14:00:00,9.4,7.4,-15.1,16.18,0,0,,0,0,11.9,13,327.6,1023.3,0,24.1,448.3,1.6,4,10,Clear,clear-day,
"36,-115",2022-12-10T15:00:00,8.9,7.5,-15,16.79,0,0,,0,0,8.6,9.4,334.1,1023.7,0,24.1,364.7,1.3,4,10,Clear,clear-day,
"36,-115",2022-12-10T16:00:00,8.5,7.8,-14.9,17.42,0,0,,0,0,5.4,5.8,340.7,1024,0,24.1,281,1,3,10,Clear,clear-day,
"36,-115",2022-12-10T17:00:00,7.7,6.7,-14.8,18.56,0,0,,0,0,6.5,6.4,227.4,1024.7,0,24.1,188,0.7,0,10,Clear,clear-night,
"36,-115",2022-12-10T18:00:00,6.9,5.7,-14.7,19.77,0,0,,0,0,7.6,7,114.2,1025.3,0,24.1,95,0.3,0,10,Clear,clear-night,
"36,-115",2022-12-10T19:00:00,6.2,4.6,-14.5,21.07,0,0,,0,0,8.6,7.6,0.9,1026,0,24.1,2,0,0,10,Clear,clear-night,
"36,-115",2022-12-10T20:00:00,5.6,4.2,-13.9,23.14,0,0,,0,0,7.8,6.8,110,1026,0,24.1,1.3,0,0,10,Clear,clear-night,
"36,-115",2022-12-10T21:00:00,5,3.7,-13.2,25.41,0,0,,0,0,7,6.1,219,1026,0,24.1,0.7,0,0,10,Clear,clear-night,
"36,-115",2022-12-10T22:00:00,4.5,3.3,-12.5,27.9,0,0,,0,0,6.1,5.4,328.1,1026,0,24.1,0,,0,10,Clear,clear-night,
"36,-115",2022-12-10T23:00:00,4,4,-12.1,29.93,0,0,,0,0,5.4,4.8,330.6,1026.3,0,24.1,0,,0,10,Clear,clear-night,
"36,-115",2022-12-11T00:00:00,3.5,3.5,-11.6,32.11,0,0,,0,0,4.7,4.2,333.1,1026.7,0,24.1,0,,0,10,Clear,clear-night,
"36,-115",2022-12-11T01:00:00,3.1,3.1,-11.1,34.44,0,0,,0,0,4,3.6,335.6,1027,0,24.1,0,,0,10,Clear,clear-night,
"36,-115",2022-12-11T02:00:00,2.8,2.8,-10.9,35.94,0,0,,0,0,4,3.6,332.6,1027,0,24.1,0,,0,10,Clear,clear-night,
"36,-115",2022-12-11T03:00:00,2.5,2.5,-10.6,37.49,0,0,,0,0,4,3.6,329.7,1027,0,24.1,0,,0,10,Clear,clear-night,
"36,-115",2022-12-11T04:00:00,2.2,2.2,-10.3,39.12,0,0,,0,0,4,3.6,326.7,1027,0,24.1,0,,0,10,Clear,clear-night,
"36,-115",2022-12-11T05:00:00,2.1,2.1,-10.3,39.4,0,0,,0,0,4.2,4,329.8,1027.3,0,24.1,0.3,0,0,10,Clear,clear-night,
"36,-115",2022-12-11T06:00:00,2,2,-10.3,39.68,0,0,,0,0,4.4,4.3,332.8,1027.7,0,24.1,0.7,0,0,10,Clear,clear-night,
"36,-115",2022-12-11T07:00:00,1.9,1.9,-10.3,39.97,0,0,,0,0,4.7,4.7,335.9,1028,0,24.1,1,0,0,10,Clear,clear-day,
"36,-115",2022-12-11T08:00:00,3.5,2.4,-10.7,34.58,0,0,,0,0,6,5.2,339.5,1027.7,0,24.1,86.3,0.3,1,10,Clear,clear-day,
"36,-115",2022-12-11T09:00:00,5.2,4.1,-11,29.97,0,0,,0,0,7.3,5.6,343,1027.3,0,24.1,171.7,0.6,2,10,Clear,clear-day,
"36,-115",2022-12-11T10:00:00,6.9,5.8,-11.3,26.01,0,0,,0,0,8.6,6.1,346.6,1027,0,24.1,257,0.9,3,10,Clear,clear-day,
"36,-115",2022-12-11T11:00:00,7.8,6.8,-11.9,23.26,0,0,,0,0,8.3,6.6,350.3,1025.7,0,24.1,343,1.2,3,10,Clear,clear-day,
"36,-115",2022-12-11T12:00:00,8.7,7.7,-12.5,20.81,0,0,,0,0,7.9,7.1,354.1,1024.3,0,24.1,429,1.6,4,10,Clear,clear-day,
"36,-115",2022-12-11T13:00:00,9.7,8.7,-13.1,18.61,0,0,,0,0,7.6,7.6,357.8,1023,0,24.1,515,1.9,5,10,Clear,clear-day,
"36,-115",2022-12-11T14:00:00,9.4,8.7,-13.2,18.85,0,0,,0,0,6.1,6.1,353.2,1022.3,3.9,24.1,434,1.6,4,10,Clear,clear-day,
"36,-115",2022-12-11T15:00:00,9.1,9.1,-13.3,19.09,0,0,,0,0,4.7,4.7,348.7,1021.7,7.9,24.1,353,1.3,4,10,Clear,clear-day,
"36,-115",2022-12-11T16:00:00,8.9,8.9,-13.3,19.33,0,0,,0,0,3.2,3.2,344.1,1021,11.8,24.1,272,1,3,10,Clear,clear-day,
"36,-115",2022-12-11T17:00:00,8.2,8.2,-13.4,20.21,0,0,,0,0,3.7,3.7,343.7,1021,30.7,24.1,182,0.7,0,10,Partially cloudy,partly-cloudy-night,
"36,-115",2022-12-11T18:00:00,7.4,7.4,-13.4,21.14,0,0,,0,0,4.2,4.2,343.2,1021,49.5,24.1,92,0.3,0,10,Partially cloudy,partly-cloudy-night,
"36,-115",2022-12-11T19:00:00,6.8,6.8,-13.4,22.12,0,0,,0,0,4.7,4.7,342.8,1021,68.4,24.1,2,0,0,10,Partially cloudy,partly-cloudy-night,
"36,-115",2022-12-11T20:00:00,6.3,6.3,-13.4,22.84,0,0,,0,0,3.7,3.7,326.4,1021,69,24.1,1.3,0,0,10,Partially cloudy,partly-cloudy-night,
"36,-115",2022-12-11T21:00:00,5.8,5.8,-13.4,23.59,0,0,,0,0,2.8,2.8,310.1,1021,69.5,24.1,0.7,0,0,10,Partially cloudy,partly-cloudy-night,
"36,-115",2022-12-11T22:00:00,5.4,5.4,-13.4,24.36,0,0,,0,0,1.8,1.8,293.7,1021,70.1,24.1,0,,0,10,Partially cloudy,partly-cloudy-night,
"36,-115",2022-12-11T23:00:00,5.2,5.2,-13.4,24.7,0,0,,0,0,2.5,2.5,311.4,1021,64,24.1,0,,0,10,Partially cloudy,partly-cloudy-night,
"36,-115",2022-12-12T00:00:00,4.9,4.9,-13.4,25.05,0,0,,0,0,3.2,3.2,329.2,1021,57.9,24.1,0,,0,10,Partially cloudy,partly-cloudy-night,
"36,-115",2022-12-12T01:00:00,4.8,4.8,-13.4,25.4,0,0,,0,0,4,4,346.9,1021,51.8,24.1,0,,0,10,Partially cloudy,partly-cloudy-night,
"36,-115",2022-12-12T02:00:00,4.4,4.4,-13.4,26.01,0,0,,0,0,4.1,4.1,234.5,1020.7,53.3,24.1,0,,0,10,Partially cloudy,partly-cloudy-night,
"36,-115",2022-12-12T03:00:00,4.2,4.2,-13.4,26.63,0,0,,0,0,4.2,4.2,122.2,1020.3,54.9,24.1,0,,0,10,Partially cloudy,partly-cloudy-night,
"36,-115",2022-12-12T04:00:00,3.9,3.9,-13.3,27.27,0,0,,0,0,4.3,4.3,9.8,1020,56.4,24.1,0,,0,10,Partially cloudy,partly-cloudy-night,
"36,-115",2022-12-12T05:00:00,3.7,3.7,-13.1,27.98,0,0,,0,0,4.4,4.6,116.9,1020.7,39.3,24.1,0.3,0,0,10,Partially cloudy,partly-cloudy-night,
"36,-115",2022-12-12T06:00:00,3.6,3.6,-12.9,28.71,0,0,,0,0,4.6,4.8,224,1021.3,22.1,24.1,0.7,0,0,10,Partially cloudy,partly-cloudy-night,
"36,-115",2022-12-12T07:00:00,3.5,2.3,-12.7,29.45,0,0,,0,0,4.7,5,331.1,1022,5,24.1,1,0,0,10,Clear,clear-day,
"36,-115",2022-12-12T08:00:00,5.2,4.1,-12.2,27.37,0,0,,0,0,5.8,5.4,331.2,1022.3,36.7,24.1,77.3,0.3,1,10,Partially cloudy,partly-cloudy-day,
"36,-115",2022-12-12T09:00:00,6.9,5.9,-11.6,25.47,0,0,,0,0,6.8,5.8,331.4,1022.7,68.3,24.1,153.7,0.5,2,10,Partially cloudy,partly-cloudy-day,
"36,-115",2022-12-12T10:00:00,8.6,7.8,-11,23.73,0,0,,0,0,7.9,6.1,331.5,1023,100,24.1,230,0.8,2,10,Overcast,cloudy,
"36,-115",2022-12-12T11:00:00,9.4,8.8,-10.7,22.98,0,0,,0,0,7.8,6.1,338.8,1022,100,24.1,312.7,1.1,3,10,Overcast,cloudy,
"36,-115",2022-12-12T12:00:00,10.3,10.3,-10.4,22.27,0,0,,0,0,7.7,6.1,346,1021,100,24.1,395.3,1.4,4,10,Overcast,cloudy,
"36,-115",2022-12-12T13:00:00,11.2,11.2,-10,21.58,0,0,,0,0,7.6,6.1,353.3,1020,100,24.1,478,1.7,5,10,Overcast,cloudy,
"36,-115",2022-12-12T14:00:00,10.9,10.9,-9.8,22.43,0,0,,0,0,7,6,341.9,1019.7,100,24.1,402.3,1.4,4,10,Overcast,cloudy,
"36,-115",2022-12-12T15:00:00,10.6,10.6,-9.5,23.32,0,0,,0,0,6.4,5.9,330.6,1019.3,100,24.1,326.7,1.2,3,10,Overcast,cloudy,
"36,-115",2022-12-12T16:00:00,10.4,10.4,-9.2,24.24,0,0,,0,0,5.8,5.8,319.2,1019,100,24.1,251,0.9,3,10,Overcast,cloudy,
"36,-115",2022-12-12T17:00:00,9.5,9.5,-9.4,25.36,0,4.8,,0,0,4.8,4.8,302.8,1019.3,100,24.1,168,0.6,0,10,Overcast,cloudy,
"36,-115",2022-12-12T18:00:00,8.7,8.7,-9.5,26.55,0,4.8,,0,0,3.8,3.8,286.5,1019.7,100,24.1,85,0.3,0,10,Overcast,cloudy,
"36,-115",2022-12-12T19:00:00,7.9,7.9,-9.6,27.8,0,4.8,,0,0,2.9,2.9,270.1,1020,100,24.1,2,0,0,10,Overcast,cloudy,
"36,-115",2022-12-12T20:00:00,7.7,7.7,-9.5,28.35,0,4.8,,0,0,2.9,2.9,276.1,1019.7,100,24.1,1.3,0,0,10,Overcast,cloudy,
"36,-115",2022-12-12T21:00:00,7.6,7.6,-9.4,28.91,0,4.8,,0,0,2.9,2.9,282.1,1019.3,100,24.1,0.7,0,0,10,Overcast,cloudy,
"36,-115",2022-12-12T22:00:00,7.5,7.5,-9.2,29.48,0,4.8,,0,0,2.9,2.9,288.1,1019,100,24.1,0,,0,10,Overcast,cloudy,
"36,-115",2022-12-12T23:00:00,7.4,7.4,-8.6,31.28,0,0,,0,0,3.6,3.7,193.7,1018.7,100,24.1,0,,0,10,Overcast,cloudy,
"36,-115",2022-12-13T00:00:00,7.3,7.3,-7.8,33.18,0,0,,0,0,4.3,4.6,99.2,1018.3,100,24.1,0,,0,10,Overcast,cloudy,
"36,-115",2022-12-13T01:00:00,7.3,6.5,-7.1,35.18,0,0,,0,0,5,5.4,4.8,1018,100,24.1,0,,0,10,Overcast,cloudy,
"36,-115",2022-12-13T02:00:00,7,7,-6.3,38.09,0,0,,0,0,4.4,4.7,118.7,1017.7,100,24.1,0,,0,10,Overcast,cloudy,
"36,-115",2022-12-13T03:00:00,6.7,6.7,-5.6,41.24,0,0,,0,0,3.8,4,232.5,1017.3,100,24.1,0,,0,10,Overcast,cloudy,
"36,-115",2022-12-13T04:00:00,6.5,6.5,-4.7,44.62,0,0,,0,0,3.2,3.2,346.4,1017,100,24.1,0,,0,10,Overcast,cloudy,
"36,-115",2022-12-13T05:00:00,6.5,6.5,-4.6,45.3,0,0,,0,0,2.9,2.9,298.2,1017,100,24.1,0,,0,10,Overcast,cloudy,
"36,-115",2022-12-13T06:00:00,6.5,6.5,-4.3,45.98,0,0,,0,0,2.5,2.5,250.1,1017,100,24.1,0,,0,10,Overcast,cloudy,
"36,-115",2022-12-13T07:00:00,6.5,6.5,-4.1,46.68,0,0,,0,0,2.2,2.2,201.9,1017,100,24.1,0,,0,10,Overcast,cloudy,
"36,-115",2022-12-13T08:00:00,7.7,7.7,-4.3,42.16,0,0,,0,0,2.3,2.3,163.4,1016.7,100,24.1,51.7,0.2,1,10,Overcast,cloudy,
"36,-115",2022-12-13T09:00:00,9,9,-4.6,38.12,0,0,,0,0,2.4,2.4,124.8,1016.3,100,24.1,103.3,0.4,1,10,Overcast,cloudy,
"36,-115",2022-12-13T10:00:00,10.3,10.3,-4.7,34.49,0,0,,0,0,2.5,2.5,86.3,1016,100,24.1,155,0.6,2,10,Overcast,cloudy,
"36,-115",2022-12-13T11:00:00,11.3,11.3,-5.6,30.31,0,4.8,,0,0,6,4,100.6,1014.3,100,24.1,225,0.8,2,10,Overcast,cloudy,
"36,-115",2022-12-13T12:00:00,12.3,12.3,-6.3,26.63,0,4.8,,0,0,9.5,5.4,115,1012.7,100,24.1,295,1.1,3,10,Overcast,cloudy,
"36,-115",2022-12-13T13:00:00,13.4,13.4,-7.1,23.41,0,4.8,,0,0,13,6.8,129.3,1011,100,24.1,365,1.3,4,10,Overcast,cloudy,
"36,-115",2022-12-13T14:00:00,13.1,13.1,-7.4,23.39,0,4.8,,0,0,11,6.1,107.4,1010.7,100,24.1,301,1.1,3,10,Overcast,cloudy,
"36,-115",2022-12-13T15:00:00,12.8,12.8,-7.7,23.37,0,4.8,,0,0,9.1,5.4,85.4,1010.3,100,24.1,237,0.8,2,10,Overcast,cloudy,
"36,-115",2022-12-13T16:00:00,12.5,12.5,-7.9,23.34,0,4.8,,0,0,7.2,4.7,63.5,1010,100,24.1,173,0.6,2,10,Overcast,cloudy,
"36,-115",2022-12-13T17:00:00,11.1,11.1,-7.8,25.75,0,4.8,,0,0,6.8,5.2,155.1,1010.7,67.6,24.1,116,0.4,0,10,Partially cloudy,partly-cloudy-night,
"36,-115",2022-12-13T18:00:00,9.8,9.3,-7.7,28.44,0,4.8,,0,0,6.5,5.6,246.7,1011.3,35.2,24.1,59,0.2,0,10,Partially cloudy,partly-cloudy-night,
"36,-115",2022-12-13T19:00:00,8.5,7.7,-7.5,31.43,0,4.8,,0,0,6.1,6.1,338.3,1012,2.8,24.1,2,0,0,10,Clear,clear-night,
"36,-115",2022-12-13T20:00:00,7.8,7.3,-7.3,33.4,0,4.8,,0,0,4.9,4.9,334.8,1012.3,3.2,24.1,1.3,0,0,10,Clear,clear-night,
"36,-115",2022-12-13T21:00:00,7.1,7.1,-7.1,35.5,0,4.8,,0,0,3.7,3.7,331.3,1012.7,3.7,24.1,0.7,0,0,10,Clear,clear-night,
"36,-115",2022-12-13T22:00:00,6.5,6.5,-6.9,37.74,0,4.8,,0,0,2.5,2.5,327.8,1013,4.1,24.1,0,,0,10,Clear,clear-night,
"36,-115",2022-12-13T23:00:00,6.1,6.1,-6.9,38.62,0,0,,0,0,2.4,2.4,327,1013,16.1,24.1,0,,0,10,Clear,clear-night,
"36,-115",2022-12-14T00:00:00,5.8,5.8,-6.9,39.51,0,0,,0,0,2.3,2.3,326.1,1013,28.2,24.1,0,,0,10,Partially cloudy,partly-cloudy-night,
"36,-115",2022-12-14T01:00:00,5.5,5.5,-6.9,40.44,0,0,,0,0,2.2,2.2,325.3,1013,40.2,24.1,0,,0,10,Partially cloudy,partly-cloudy-night,
"36,-115",2022-12-14T02:00:00,5.2,5.2,-6.8,41.42,0,0,,0,0,2.6,2.8,326.8,1013,27.9,24.1,0,,0,10,Partially cloudy,partly-cloudy-night,
"36,-115",2022-12-14T03:00:00,5,5,-6.7,42.42,0,0,,0,0,3.1,3.4,328.2,1013,15.6,24.1,0,,0,10,Clear,clear-night,
"36,-115",2022-12-14T04:00:00,4.8,4.8,-6.6,43.44,0,0,,0,0,3.6,4,329.7,1013,3.3,24.1,0,,0,10,Clear,clear-night,
"36,-115",2022-12-14T05:00:00,4.7,4.7,-6.4,44.44,0,0,,0,0,4.1,4.4,327.4,1013.7,5.2,24.1,0.3,0,0,10,Clear,clear-night,
"36,-115",2022-12-14T06:00:00,4.7,3.8,-6.1,45.46,0,0,,0,0,4.6,4.9,325.1,1014.3,7,24.1,0.7,0,0,10,Clear,clear-night,
"36,-115",2022-12-14T07:00:00,4.7,3.5,-5.8,46.51,0,0,,0,0,5,5.4,322.8,1015,8.9,24.1,1,0,0,10,Clear,clear-day,
"36,-115",2022-12-14T08:00:00,6.4,6.4,-5.8,41.25,0,0,,0,0,4.8,4.7,317.7,1015.3,39.3,24.1,70.3,0.3,1,10,Partially cloudy,partly-cloudy-day,
"36,-115",2022-12-14T09:00:00,8.2,8.2,-5.8,36.65,0,0,,0,0,4.6,4,312.7,1015.7,69.6,24.1,139.7,0.5,1,10,Partially cloudy,partly-cloudy-day,
"36,-115",2022-12-14T10:00:00,10,10,-5.7,32.62,0,0,,0,0,4.3,3.2,307.6,1016,100,24.1,209,0.8,2,10,Overcast,cloudy,
"36,-115",2022-12-14T11:00:00,10.7,10.7,-5.8,30.76,0,0,,0,0,6.1,4.9,206.6,1015.3,99,24.1,281.7,1,3,10,Overcast,cloudy,
"36,-115",2022-12-14T12:00:00,11.5,11.5,-5.9,29.01,0,0,,0,0,7.9,6.6,105.6,1014.7,97.9,24.1,354.3,1.3,4,10,Overcast,cloudy,
"36,-115",2022-12-14T13:00:00,12.3,12.3,-6,27.37,0,0,,0,0,9.7,8.3,4.6,1014,96.9,24.1,427,1.5,4,10,Overcast,cloudy,
"36,-115",2022-12-14T14:00:00,11.9,11.9,-5.8,28.61,0,0,,0,0,7.8,6.8,4.6,1014,87.3,24.1,365.7,1.3,4,10,Partially cloudy,partly-cloudy-day,
"36,-115",2022-12-14T15:00:00,11.4,11.4,-5.6,29.9,0,0,,0,0,5.9,5.4,4.7,1014,77.6,24.1,304.3,1.1,3,10,Partially cloudy,partly-cloudy-day,
"36,-115",2022-12-14T16:00:00,11.1,11.1,-5.3,31.25,0,0,,0,0,4,4,4.7,1014,68,24.1,243,0.9,2,10,Partially cloudy,partly-cloudy-day,
"36,-115",2022-12-14T17:00:00,10.1,10.1,-5.3,33.25,0,0,,0,0,3.7,3.7,102.4,1015,64.6,24.1,162.7,0.6,0,10,Partially cloudy,partly-cloudy-night,
"36,-115",2022-12-14T18:00:00,9.2,9.2,-5.3,35.4,0,0,,0,0,3.5,3.5,200,1016,61.2,24.1,82.3,0.3,0,10,Partially cloudy,partly-cloudy-night,
"36,-115",2022-12-14T19:00:00,8.3,8.3,-5.3,37.71,0,0,,0,0,3.2,3.2,297.7,1017,57.8,24.1,2,0,0,10,Partially cloudy,partly-cloudy-night,
"36,-115",2022-12-14T20:00:00,8,8,-5.2,38.6,0,0,,0,0,3.7,3.7,299.6,1017.7,71.9,24.1,1.3,0,0,10,Partially cloudy,partly-cloudy-night,
"36,-115",2022-12-14T21:00:00,7.8,7.8,-5.1,39.52,0,0,,0,0,4.2,4.2,301.5,1018.3,85.9,24.1,0.7,0,0,10,Partially cloudy,partly-cloudy-night,
"36,-115",2022-12-14T22:00:00,7.6,7.6,-5,40.45,0,0,,0,0,4.7,4.7,303.4,1019,100,24.1,0,,0,10,Overcast,cloudy,
"36,-115",2022-12-14T23:00:00,7.4,6.7,-5,41.11,0,0,,0,0,5.2,5.2,316.4,1019.3,100,24.1,0,,0,10,Overcast,cloudy,
"36,-115",2022-12-15T00:00:00,7.2,6.3,-5,41.78,0,0,,0,0,5.6,5.6,329.5,1019.7,100,24.1,0,,0,10,Overcast,cloudy,
"36,-115",2022-12-15T01:00:00,7,5.9,-4.9,42.47,0,0,,0,0,6.1,6.1,342.5,1020,100,24.1,0,,0,10,Overcast,cloudy,
"36,-115",2022-12-15T02:00:00,6.4,5.4,-5.3,42.84,0,0,,0,0,5.6,5.6,339.5,1020.7,100,24.1,0,,0,10,Overcast,cloudy,
"36,-115",2022-12-15T03:00:00,5.8,5,-5.7,43.21,0,0,,0,0,5.2,5.2,336.6,1021.3,100,24.1,0,,0,10,Overcast,cloudy,
"36,-115",2022-12-15T04:00:00,5.3,5.3,-6.1,43.59,0,0,,0,0,4.7,4.7,333.6,1022,100,24.1,0,,0,10,Overcast,cloudy,
"36,-115",2022-12-15T05:00:00,4.9,4.9,-6.3,43.84,0,0,,0,0,4.7,4.8,326.7,1023,99.6,24.1,0,,0,10,Overcast,cloudy,
"36,-115",2022-12-15T06:00:00,4.7,3.7,-6.6,44.09,0,0,,0,0,4.7,4.9,319.9,1024,99.3,24.1,0,,0,10,Overcast,cloudy,
"36,-115",2022-12-15T07:00:00,4.4,3.3,-6.7,44.33,0,0,,0,0,4.7,5,313,1025,98.9,24.1,0,,0,10,Overcast,cloudy,
"36,-115",2022-12-15T08:00:00,5.8,4.4,-6.7,40.32,0,0,,0,0,8.4,6.7,212.1,1025.3,99.3,24.1,68,0.2,1,10,Overcast,cloudy,
"36,-115",2022-12-15T09:00:00,7.2,5.6,-6.7,36.71,0,0,,0,0,12.1,8.4,111.1,1025.7,99.6,24.1,136,0.5,1,10,Overcast,cloudy,
"36,-115",2022-12-15T10:00:00,8.6,6.9,-6.6,33.46,0,0,,0,0,15.8,10.1,10.2,1026,100,24.1,204,0.7,2,10,Overcast,cloudy,
"36,-115",2022-12-15T11:00:00,9.3,7.7,-6.8,31.37,0,4.8,,0,0,16,10.9,11.1,1025,100,24.1,277.7,1,3,10,Overcast,cloudy,
"36,-115",2022-12-15T12:00:00,10.1,10.1,-7,29.42,0,4.8,,0,0,16.1,11.8,11.9,1024,100,24.1,351.3,1.2,4,10,Overcast,cloudy,
"36,-115",2022-12-15T13:00:00,10.9,10.9,-7.1,27.6,0,4.8,,0,0,16.2,12.6,12.8,1023,100,24.1,425,1.5,4,10,Overcast,cloudy,
"36,-115",2022-12-15T14:00:00,10.6,10.6,-7.2,28.08,0,4.8,,0,0,14.4,11.5,17,1023,100,24.1,354.7,1.3,4,10,Overcast,cloudy,
"36,-115",2022-12-15T15:00:00,10.3,10.3,-7.2,28.58,0,4.8,,0,0,12.6,10.4,21.2,1023,100,24.1,284.3,1,3,10,Overcast,cloudy,
"36,-115",2022-12-15T16:00:00,10,8.7,-7.2,29.08,0,4.8,,0,0,10.8,9.4,25.4,1023,100,24.1,214,0.8,2,10,Overcast,cloudy,
"36,-115",2022-12-15T17:00:00,9.1,8,-7.1,31.21,0,0,,0,0,8.4,7.4,120.5,1023,100,24.1,143.3,0.5,0,10,Overcast,cloudy,
"36,-115",2022-12-15T18:00:00,8.2,7.5,-7,33.51,0,0,,0,0,6,5.5,215.5,1023,100,24.1,72.7,0.3,0,10,Overcast,cloudy,
"36,-115",2022-12-15T19:00:00,7.3,7.3,-6.8,36,0,0,,0,0,3.6,3.6,310.6,1023,100,24.1,2,0,0,10,Overcast,cloudy,
"36,-115",2022-12-15T20:00:00,7.1,7.1,-7,35.87,0,0,,0,0,3.4,3.5,308.3,1023,100,24.1,1.3,0,0,10,Overcast,cloudy,
"36,-115",2022-12-15T21:00:00,7,7,-7.2,35.73,0,0,,0,0,3.1,3.4,305.9,1023,100,24.1,0.7,0,0,10,Overcast,cloudy,
"36,-115",2022-12-15T22:00:00,6.9,6.9,-7.3,35.6,0,0,,0,0,2.9,3.2,303.6,1023,100,24.1,0,,0,10,Overcast,cloudy,
"36,-115",2022-12-15T23:00:00,6.6,6.6,-7.4,36.16,0,0,,0,0,3,3.2,318.3,1022.3,100,24.1,0,,0,10,Overcast,cloudy,
"36,-115",2022-12-16T00:00:00,6.3,6.3,-7.5,36.72,0,0,,0,0,3.1,3.2,333,1021.7,100,24.1,0,,0,10,Overcast,cloudy,
"36,-115",2022-12-16T01:00:00,6,6,-7.5,37.3,0,0,,0,0,3.2,3.2,347.7,1021,100,24.1,0,,0,10,Overcast,cloudy,
"36,-115",2022-12-16T02:00:00,6.1,6.1,-7.5,37.23,0,0,,0,0,3.4,3.4,337.6,1020.7,100,24.1,0,,0,10,Overcast,cloudy,
"36,-115",2022-12-16T03:00:00,6.2,6.2,-7.4,37.17,0,0,,0,0,3.5,3.5,327.5,1020.3,100,24.1,0,,0,10,Overcast,cloudy,
"36,-115",2022-12-16T04:00:00,6.3,6.3,-7.3,37.1,0,0,,0,0,3.6,3.6,317.4,1020,100,24.1,0,,0,10,Overcast,cloudy,
"36,-115",2022-12-16T05:00:00,6.4,6.4,-7.3,36.87,0,4.8,,0,0,3.1,3.1,309.9,1020,100,24.1,0,,0,10,Overcast,cloudy,
"36,-115",2022-12-16T06:00:00,6.6,6.6,-7.2,36.63,0,4.8,,0,0,2.6,2.6,302.4,1020,100,24.1,0,,0,10,Overcast,cloudy,
"36,-115",2022-12-16T07:00:00,6.8,6.8,-7.1,36.4,0,4.8,,0,0,2.2,2.2,294.9,1020,100,24.1,0,,0,10,Overcast,cloudy,
"36,-115",2022-12-16T08:00:00,7.6,7.6,-7.2,34.22,0,4.8,,0,0,2.6,2.5,311,1020,100,24.1,35,0.1,0,10,Overcast,cloudy,
"36,-115",2022-12-16T09:00:00,8.5,8.5,-7.2,32.18,0,4.8,,0,0,3.1,2.9,327.2,1020,100,24.1,70,0.3,1,10,Overcast,cloudy,
"36,-115",2022-12-16T10:00:00,9.4,9.4,-7.2,30.27,0,4.8,,0,0,3.6,3.2,343.3,1020,100,24.1,105,0.4,1,10,Overcast,cloudy,
"36,-115",2022-12-16T11:00:00,9.9,9.9,-7.4,28.91,0,9.5,,0,0,3.1,3.2,240.8,1019.3,68.3,24.1,148,0.5,1,10,Partially cloudy,partly-cloudy-day,
"36,-115",2022-12-16T12:00:00,10.4,10.4,-7.5,27.61,0,9.5,,0,0,2.6,3.2,138.4,1018.7,36.6,24.1,191,0.7,2,10,Partially cloudy,partly-cloudy-day,
"36,-115",2022-12-16T13:00:00,11,11,-7.6,26.38,0,9.5,,0,0,2.2,3.2,35.9,1018,4.9,24.1,234,0.8,2,10,Clear,clear-day,
"36,-115",2022-12-16T14:00:00,10.7,10.7,-7.7,26.71,0,9.5,,0,0,2.6,3.2,140.6,1017.7,4.2,24.1,247.3,0.9,2,10,Clear,clear-day,
"36,-115",2022-12-16T15:00:00,10.4,10.4,-7.8,27.05,0,9.5,,0,0,3.1,3.2,245.4,1017.3,3.5,24.1,260.7,0.9,3,10,Clear,clear-day,
"36,-115",2022-12-16T16:00:00,10.2,10.2,-7.8,27.39,0,9.5,,0,0,3.6,3.2,350.1,1017,2.8,24.1,274,1,3,10,Clear,clear-day,
"36,-115",2022-12-16T17:00:00,9.3,9.3,-7.9,28.74,0,4.8,,0,0,3.2,2.9,343.8,1017.3,35.2,24.1,183.3,0.7,0,10,Partially cloudy,partly-cloudy-night,
"36,-115",2022-12-16T18:00:00,8.5,8.5,-8,30.17,0,4.8,,0,0,2.9,2.5,337.4,1017.7,67.6,24.1,92.7,0.3,0,10,Partially cloudy,partly-cloudy-night,
"36,-115",2022-12-16T19:00:00,7.7,7.7,-8.1,31.68,0,4.8,,0,0,2.5,2.2,331.1,1018,100,24.1,2,0,0,10,Overcast,cloudy,
"36,-115",2022-12-16T20:00:00,7.3,7.3,-8.2,32.48,0,4.8,,0,0,2.3,2,322,1018.3,67.8,24.1,1.3,0,0,10,Partially cloudy,partly-cloudy-night,
"36,-115",2022-12-16T21:00:00,6.9,6.9,-8.2,33.29,0,4.8,,0,0,2,1.9,312.8,1018.7,35.5,24.1,0.7,0,0,10,Partially cloudy,partly-cloudy-night,
"36,-115",2022-12-16T22:00:00,6.5,6.5,-8.2,34.13,0,4.8,,0,0,1.8,1.8,303.7,1019,3.3,24.1,0,,0,10,Clear,clear-night,
"36,-115",2022-12-16T23:00:00,6.1,6.1,-8.2,34.92,0,4.8,,0,0,1.8,1.8,302.4,1019,15.8,24.1,0,,0,10,Clear,clear-night,
"36,-115",2022-12-17T00:00:00,5.8,5.8,-8.2,35.74,0,4.8,,0,0,1.8,1.8,301,1019,28.3,24.1,0,,0,10,Partially cloudy,partly-cloudy-night,
"36,-115",2022-12-17T01:00:00,5.5,5.5,-8.2,36.57,0,4.8,,0,0,1.8,1.8,299.7,1019,40.8,24.1,0,,0,10,Partially cloudy,partly-cloudy-night,
"36,-115",2022-12-17T02:00:00,5.2,5.2,-8.3,37.07,0,4.8,,0,0,2,2,318.2,1019,28.3,24.1,0,,0,10,Partially cloudy,partly-cloudy-night,
"36,-115",2022-12-17T03:00:00,5,5,-8.3,37.58,0,4.8,,0,0,2.3,2.3,336.6,1019,15.8,24.1,0,,0,10,Clear,clear-night,
"36,-115",2022-12-17T04:00:00,4.8,4.8,-8.3,38.1,0,4.8,,0,0,2.5,2.5,355.1,1019,3.3,24.1,0,,0,10,Clear,clear-night,
"36,-115",2022-12-17T05:00:00,4.7,4.7,-8.3,38.28,0,9.5,,0,0,2.8,2.8,347.5,1019.3,33.6,24.1,0,,0,10,Partially cloudy,partly-cloudy-night,
"36,-115",2022-12-17T06:00:00,4.6,4.6,-8.3,38.46,0,9.5,,0,0,3,3,339.9,1019.7,64,24.1,0,,0,10,Partially cloudy,partly-cloudy-night,
"36,-115",2022-12-17T07:00:00,4.6,4.6,-8.3,38.64,0,9.5,,0,0,3.2,3.2,332.3,1020,94.3,24.1,0,,0,10,Overcast,cloudy,
"36,-115",2022-12-17T08:00:00,6.6,6.6,-8.4,33.46,0,9.5,,0,0,3.2,3.4,336.4,1020.3,90.8,24.1,78,0.3,1,10,Overcast,cloudy,
"36,-115",2022-12-17T09:00:00,8.6,8.6,-8.5,29.04,0,9.5,,0,0,3.2,3.5,340.5,1020.7,87.3,24.1,156,0.6,2,10,Partially cloudy,partly-cloudy-day,
"36,-115",2022-12-17T10:00:00,10.6,10.6,-8.5,25.26,0,9.5,,0,0,3.2,3.6,344.6,1021,83.8,24.1,234,0.8,2,10,Partially cloudy,partly-cloudy-day,
"36,-115",2022-12-17T11:00:00,11.3,11.3,-8.6,23.93,0,9.5,,0,0,3.1,3.5,348.4,1020,89.2,24.1,300.7,1.1,3,10,Partially cloudy,partly-cloudy-day,
"36,-115",2022-12-17T12:00:00,12,12,-8.7,22.67,0,9.5,,0,0,3,3.4,352.2,1019,94.6,24.1,367.3,1.3,4,10,Overcast,cloudy,
"36,-115",2022-12-17T13:00:00,12.7,12.7,-8.8,21.48,0,9.5,,0,0,2.9,3.2,356,1018,100,24.1,434,1.6,4,10,Overcast,cloudy,
"36,-115",2022-12-17T14:00:00,12.3,12.3,-8.7,22.13,0,9.5,,0,0,3.7,3.8,239.1,1018,95.9,24.1,360.7,1.3,4,10,Overcast,cloudy,
"36,-115",2022-12-17T15:00:00,12,12,-8.6,22.8,0,9.5,,0,0,4.6,4.4,122.2,1018,91.8,24.1,287.3,1.1,3,10,Overcast,cloudy,
"36,-115",2022-12-17T16:00:00,11.7,11.7,-8.5,23.48,0,9.5,,0,0,5.4,5,5.3,1018,87.7,24.1,214,0.8,2,10,Partially cloudy,partly-cloudy-day,
"36,-115",2022-12-17T17:00:00,10.8,10.8,-8.5,24.82,0,0,,0,0,4.3,4.2,91.9,1018.3,91.8,24.1,143.3,0.5,0,10,Overcast,cloudy,
"36,-115",2022-12-17T18:00:00,10,10,-8.5,26.24,0,0,,0,0,3.2,3.4,178.6,1018.7,95.9,24.1,72.7,0.3,0,10,Overcast,cloudy,
"36,-115",2022-12-17T19:00:00,9.2,9.2,-8.5,27.74,0,0,,0,0,2.2,2.5,265.2,1019,100,24.1,2,0,0,10,Overcast,cloudy,
"36,-115",2022-12-17T20:00:00,8.9,8.9,-8.5,28.32,0,0,,0,0,1.9,2.2,260.3,1019,100,24.1,1.3,0,0,10,Overcast,cloudy,
"36,-115",2022-12-17T21:00:00,8.6,8.6,-8.5,28.91,0,0,,0,0,1.7,1.8,255.5,1019,100,24.1,0.7,0,0,10,Overcast,cloudy,
"36,-115",2022-12-17T22:00:00,8.4,8.4,-8.4,29.51,0,0,,0,0,1.4,1.4,250.6,1019,100,24.1,0,,0,10,Overcast,cloudy,
"36,-115",2022-12-17T23:00:00,8.1,8.1,-8.4,30.2,0,0,,0,0,1.8,1.7,172.5,1019,100,24.1,0,,0,10,Overcast,cloudy,
